predictor,p,m
precip7,0.1047375387271271,-0.3735392331728328
precip14,0.09535710807693845,-0.38321009115340565
precip30,0.04539942590172845,-0.4520262849877793
precip90,0.06984909436464626,-0.4136300855609198
