predictor,p,m
pet_map,0.43202161288564367,0.1861376668111178
aet_map,0.487842449582115,-0.16466457386358693
