predictor,p,m
pet_map,0.43202161288564367,0.1861376668111178
aet_map,0.668096610150198,-0.1461408173298772
