predictor,p,m
precip7,0.1410235721215989,-0.47374433969378227
precip14,0.13603111068695092,-0.47902328727576354
precip30,0.12369029643743794,-0.492622889510793
precip90,0.10827299566113188,-0.5108958763368996
